[{"model": "sessions.session", "pk": "08ousyy7bvrxwoydmau3jzgivjgcn1t4", "fields": {"session_data": ".eJxVjMEOwiAQRP-FsyEtXSh49N5vIMuySNVAUtqT8d9tkx70Npn3Zt7C47ZmvzVe_BzFVThx-e0C0pPLAeIDy71KqmVd5iAPRZ60yalGft1O9-8gY8v72iIoZogOR9OPxgTrqFMDKFCaA_IeIjmmAbjXNqUOyA46cVSBjLZOfL7goTfr:1vlnTV:9xlq-jY0DcW6EtY7eoHtAKP1KXHpIHywqs5RpZQg12s", "expire_date": "2026-02-13T12:19:45.349Z"}}, {"model": "sessions.session", "pk": "4n9xqz7wg9qpoayxbh54olzkz1c8g03n", "fields": {"session_data": ".eJxVjEEOwiAQRe_C2hBgqIBL9z0DGWZAqoYmpV0Z765NutDtf-_9l4i4rTVuPS9xYnERWonT75iQHrnthO_YbrOkua3LlOSuyIN2Oc6cn9fD_Tuo2Ou3dgCMaijJo3VmQIAUjLNnYCainNDpgFZ7CjlYgOLZMEKxTgUfHCbx_gAKXzg8:1vlnzm:mbYXyWVUy8feE_DN-hpMTZrhZzkSkIlH6ibbiFt2sS8", "expire_date": "2026-02-13T12:53:06.269Z"}}, {"model": "sessions.session", "pk": "7m6hcpxp1coozrcl27b46fqmilv1biqo", "fields": {"session_data": ".eJxVjDkOwjAUBe_iGlnecD6U9DmD9ReDA8iW4qRC3B0ipYD2zcx7qYTrUtLa85wmUWcF6vC7EfIj1w3IHeutaW51mSfSm6J32vXYJD8vu_t3ULCXb22jI4jIFIWFGZyTOMgJh0jCgXIm746W2VkiBPEEBu3VB0PBZECj3h8XaDkC:1vlkEK:ieZScHcgJXZCCnyYPa16dK_5xthZ8Ar-too6yifMtjA", "expire_date": "2026-02-13T08:51:52.828Z"}}, {"model": "sessions.session", "pk": "97veoefzbj4zgfs2789x149ys3vbvaiy", "fields": {"session_data": ".eJxVjDsOwjAQBe_iGlnxBztLSZ8zWLveDQ4gW8qnQtwdIqWA9s3Me6mE21rStsicJlYXBer0uxHmh9Qd8B3rrenc6jpPpHdFH3TRQ2N5Xg_376DgUr51EAc2i4uZ-3MkcABjzzIaJKZgwNoYgF3XCUBnvUcCzBayi-INGVLvD-x1N-s:1vshd6:VJ9vMXvJxMHf_rr2l4_Wb0l93KXyrAj8RUwqPlH994w", "expire_date": "2026-03-04T13:30:12.615Z"}}, {"model": "sessions.session", "pk": "j2xppdv00d9ozn35j6o7rr1y1w11f6xe", "fields": {"session_data": ".eJxVjDsOwjAQBe_iGlnxB--Gkj5niNbeNQ4gW8qnQtwdIqWA9s3Me6mRtrWM2yLzOLG6KOPV6XeMlB5Sd8J3qremU6vrPEW9K_qgix4ay_N6uH8HhZbyrSljEuiEIRsisdlDjiFTDzmASwg-sMEek0XrnbjgEgOy6RzhOWBU7w8wrzhY:1vsjIq:IdK92KoBAqOYZHLav97KZnk6_XXS-c8Xgv7nDRQZGxw", "expire_date": "2026-03-04T15:17:24.728Z"}}, {"model": "sessions.session", "pk": "lmwmtips5vsq4g425ykec6wk72hpz3n8", "fields": {"session_data": ".eJxVjDsOwjAQBe_iGlnrf0xJzxmstXeDA8iR4qRC3B0ipYD2zcx7iYTbWtPWeUkTibNQRpx-x4zlwW0ndMd2m2WZ27pMWe6KPGiX15n4eTncv4OKvX7rAMq5jBwHQlTOKEAzlAhgrA8ZcWRnAXIIQNFrz8ZGT0UjjGyV0SDeH_FxN1Q:1vsdHC:juh-X8ZFYQ_A-qL0DqaJUJL3NBFWD6WRrh5yrihTlWk", "expire_date": "2026-03-04T08:51:18.522Z"}}, {"model": "sessions.session", "pk": "n892yap9gprjospr90fd2p9w2d1k3yhy", "fields": {"session_data": "e30:1vlkCj:OKpIPkBZOmqBpJ_0y-E_oFwE5KUcaYfLlFIUJJI4IrE", "expire_date": "2026-02-13T08:50:14.000Z"}}, {"model": "sessions.session", "pk": "qd48b7wwaumj10hv0y9o4e361vh24ci6", "fields": {"session_data": ".eJxVjDsOwjAQBe_iGln-yBsvJT1nsNa7Dg4gR4qTCnF3iJQC2jcz76USbWtNWy9LmkSdlbXq9Dtm4kdpO5E7tduseW7rMmW9K_qgXV9nKc_L4f4dVOr1W_uBfA5imAuGIIIGR-AIg88uCDtiMTEjEyJ7y-DYxpDdCM4hGAD1_gAZeTgL:1vlqzW:1yQQHgm8Tbg4osulVNgfHEkpd3ST8S7Wnu3z4wx2SDY", "expire_date": "2026-02-13T16:05:02.203Z"}}, {"model": "sessions.session", "pk": "wjzvacd4vi6r84xm3my1k88cmtd62qoh", "fields": {"session_data": ".eJxVjMEOwiAQRP-FsyEtXSh49N5vIMuySNVAUtqT8d9tkx70Npn3Zt7C47ZmvzVe_BzFVThx-e0C0pPLAeIDy71KqmVd5iAPRZ60yalGft1O9-8gY8v72iIoZogOR9OPxgTrqFMDKFCaA_IeIjmmAbjXNqUOyA46cVSBjLZOfL7goTfr:1vlo2P:oFEP_jydLTVqaXUb3JhuArjhyhGeRg_cmk3OyQ77Hic", "expire_date": "2026-02-13T12:55:49.809Z"}}, {"model": "accounts.user", "fields": {"password": "pbkdf2_sha256$870000$oNrR7GD4GALKg2EnHL4spf$Ae81fQKGt0c3aD8/lPNDXLyEteArciChkr3TqLTZhQw=", "last_login": null, "is_superuser": true, "username": "admin", "first_name": "Admin", "last_name": "User", "email": "admin@example.com", "is_staff": true, "is_active": true, "date_joined": "2026-01-29T15:29:37.194Z", "role": "admin", "phone": null, "date_of_birth": null, "hospital": null, "created_at": "2026-01-29T15:29:37.374Z", "updated_at": "2026-01-29T15:29:37.374Z", "groups": [], "user_permissions": []}}, {"model": "accounts.user", "fields": {"password": "pbkdf2_sha256$870000$FZn6jQBgLuxzcnbLylTWI6$QpfEyNmT0bWITpWmX+9WTR3YdirfU2/gmEcAaPoZfXQ=", "last_login": null, "is_superuser": false, "username": "doctor1", "first_name": "John", "last_name": "Smith", "email": "doctor1@example.com", "is_staff": false, "is_active": true, "date_joined": "2026-01-29T15:31:32.254Z", "role": "doctor", "phone": null, "date_of_birth": null, "hospital": null, "created_at": "2026-01-29T15:31:32.428Z", "updated_at": "2026-01-29T15:31:32.428Z", "groups": [], "user_permissions": []}}, {"model": "accounts.user", "fields": {"password": "pbkdf2_sha256$870000$gTkZwH6aZj766FPpba6VkR$uxZ2QAAgtTh1MWOOlfIoJmp9YoKNrnsAla/P903B6FY=", "last_login": null, "is_superuser": false, "username": "patient1", "first_name": "Jane", "last_name": "Doe", "email": "patient1@example.com", "is_staff": false, "is_active": true, "date_joined": "2026-01-29T15:31:32.433Z", "role": "patient", "phone": null, "date_of_birth": null, "hospital": null, "created_at": "2026-01-29T15:31:32.603Z", "updated_at": "2026-01-29T15:31:32.603Z", "groups": [], "user_permissions": []}}, {"model": "accounts.user", "fields": {"password": "pbkdf2_sha256$720000$wW77gV3VZEUDIvz6goMw4d$z40t00td59NMZC/nN6Ekz9auCDFa9PT6FKKaOa0kae4=", "last_login": null, "is_superuser": false, "username": "drsmith", "first_name": "John", "last_name": "Smith", "email": "smith@citygeneral.com", "is_staff": false, "is_active": true, "date_joined": "2026-01-29T16:25:22.983Z", "role": "doctor", "phone": "(212) 555-0102", "date_of_birth": null, "hospital": null, "created_at": "2026-01-29T16:25:23.170Z", "updated_at": "2026-01-29T16:25:23.170Z", "groups": [], "user_permissions": []}}, {"model": "accounts.user", "fields": {"password": "pbkdf2_sha256$870000$DX5MtTSmXIYA1MLZh75HSO$ED6R0X6ZrVzmWrnxOWZy+iuCoHN8VgfSDTFeagsh9NI=", "last_login": null, "is_superuser": false, "username": "drjones", "first_name": "Sarah", "last_name": "Jones", "email": "jones@stmary.com", "is_staff": false, "is_active": true, "date_joined": "2026-01-29T16:25:23.178Z", "role": "doctor", "phone": "(213) 555-0203", "date_of_birth": null, "hospital": null, "created_at": "2026-01-29T16:25:23.355Z", "updated_at": "2026-01-29T16:25:23.355Z", "groups": [], "user_permissions": []}}, {"model": "accounts.user", "fields": {"password": "pbkdf2_sha256$870000$TEFGis7y1ghdIFVwyTSi6T$bhqYv7jAzik0SYfV9goWODC+nK+M0Vj+R2VbnAxZLD4=", "last_login": null, "is_superuser": false, "username": "johndoe", "first_name": "John", "last_name": "Doe", "email": "john.doe@email.com", "is_staff": false, "is_active": true, "date_joined": "2026-01-29T16:25:23.367Z", "role": "patient", "phone": "(212) 555-0104", "date_of_birth": "1985-06-15", "hospital": null, "created_at": "2026-01-29T16:25:23.547Z", "updated_at": "2026-01-29T16:25:23.547Z", "groups": [], "user_permissions": []}}, {"model": "accounts.user", "fields": {"password": "pbkdf2_sha256$870000$SXzAgPpgpymZmLIwPUzSCg$wraEb5H+3TqWpCA5LeoJyQa9u02v6eUncG/8HAHAHzU=", "last_login": null, "is_superuser": false, "username": "janedoe", "first_name": "Jane", "last_name": "Doe", "email": "jane.doe@email.com", "is_staff": false, "is_active": true, "date_joined": "2026-01-29T16:25:23.561Z", "role": "patient", "phone": "(213) 555-0204", "date_of_birth": "1990-03-22", "hospital": null, "created_at": "2026-01-29T16:25:23.742Z", "updated_at": "2026-01-29T16:25:23.742Z", "groups": [], "user_permissions": []}}, {"model": "accounts.user", "fields": {"password": "pbkdf2_sha256$870000$rdEhutUWmNJjL0pyZKnOkx$3LQWulqESStWo2iv8ykZcW4ub9dNZkuZG9N4q9PYz5o=", "last_login": "2026-01-30T08:51:52.818Z", "is_superuser": true, "username": "superadmin", "first_name": "Super", "last_name": "Admin", "email": "superadmin@telemedicine.com", "is_staff": true, "is_active": true, "date_joined": "2026-01-30T08:44:51.857Z", "role": "super_admin", "phone": null, "date_of_birth": null, "hospital": null, "created_at": "2026-01-30T08:44:51.858Z", "updated_at": "2026-01-30T08:44:51.858Z", "groups": [], "user_permissions": []}}, {"model": "accounts.user", "fields": {"password": "pbkdf2_sha256$720000$Wo4mpxj0HP2lSzIzjG7n6T$3zLy3UgM9Flc49WGudbtsh16dFBcI8TlZRz5JG/cbzk=", "last_login": "2026-02-18T13:30:12.607Z", "is_superuser": false, "username": "Rajesh", "first_name": "Rajesh", "last_name": "KC", "email": "rajeshilamion@gmail.com", "is_staff": false, "is_active": true, "date_joined": "2026-01-30T12:19:16.994Z", "role": "admin", "phone": "9813100099", "date_of_birth": null, "hospital": 3, "created_at": "2026-01-30T12:19:17.335Z", "updated_at": "2026-01-30T12:19:17.335Z", "groups": [], "user_permissions": []}}, {"model": "accounts.user", "fields": {"password": "pbkdf2_sha256$870000$GxlhTKpdHk48c11DBmY5Pj$YZhvSctcNUNmLVYNUjsX5vRB8thShBy7ob7xdO7Dv+o=", "last_login": "2026-01-30T12:53:06.262Z", "is_superuser": false, "username": "Birami", "first_name": "Birami", "last_name": "Manche", "email": "birami@gmail.com", "is_staff": false, "is_active": true, "date_joined": "2026-01-30T12:51:10.899Z", "role": "patient", "phone": "9814052155", "date_of_birth": "1997-09-26", "hospital": 3, "created_at": "2026-01-30T12:51:11.214Z", "updated_at": "2026-01-30T12:51:11.214Z", "groups": [], "user_permissions": []}}, {"model": "accounts.user", "fields": {"password": "pbkdf2_sha256$870000$44gY4p6kiZO4MjOeA4pvO7$jgQcza9rivRPU7w3tngUYM2S2gTSnvSR2xyIMC2PQaY=", "last_login": "2026-01-30T16:05:02.184Z", "is_superuser": false, "username": "Doctor", "first_name": "Doctor", "last_name": "uncle", "email": "doctor@gmail.com", "is_staff": false, "is_active": true, "date_joined": "2026-01-30T12:52:37.702Z", "role": "doctor", "phone": "9855555", "date_of_birth": "1991-06-30", "hospital": 3, "created_at": "2026-01-30T12:52:37.999Z", "updated_at": "2026-01-30T12:52:37.999Z", "groups": [], "user_permissions": []}}, {"model": "accounts.user", "fields": {"password": "", "last_login": null, "is_superuser": false, "username": "testdoc", "first_name": "Test", "last_name": "Doctor", "email": "testdoc@test.com", "is_staff": false, "is_active": true, "date_joined": "2026-01-30T15:21:50.698Z", "role": "doctor", "phone": null, "date_of_birth": null, "hospital": 1, "created_at": "2026-01-30T15:21:50.698Z", "updated_at": "2026-01-30T15:21:50.705Z", "groups": [], "user_permissions": []}}, {"model": "accounts.user", "fields": {"password": "pbkdf2_sha256$720000$kuAW9NdBtT4LEMAaBfJ2MO$btQ0XyOv+DU/Ts+mOw/t3eBm/T6dHtzPMf8PgsJIUUw=", "last_login": "2026-02-18T08:51:18.513Z", "is_superuser": true, "username": "admin@gmail.com", "first_name": "", "last_name": "", "email": "admin@gmail.com", "is_staff": true, "is_active": true, "date_joined": "2026-02-18T08:51:18.287Z", "role": "super_admin", "phone": null, "date_of_birth": null, "hospital": null, "created_at": "2026-02-18T08:51:18.287Z", "updated_at": "2026-02-18T08:51:18.487Z", "groups": [], "user_permissions": []}}, {"model": "accounts.user", "fields": {"password": "pbkdf2_sha256$720000$NM46j7jP3AaPhSZrafkCp5$cEYZnYRoKjmZxvDwq7113xwIYwZmvCxUe6XH7Qcshdg=", "last_login": "2026-02-18T15:17:24.710Z", "is_superuser": false, "username": "doctor", "first_name": "Doctor", "last_name": "Sir", "email": "doctor1@gmail.com", "is_staff": false, "is_active": true, "date_joined": "2026-02-18T14:41:19.440Z", "role": "doctor", "phone": "9814052155", "date_of_birth": null, "hospital": 3, "created_at": "2026-02-18T14:41:19.694Z", "updated_at": "2026-02-18T15:10:54.617Z", "groups": [], "user_permissions": []}}, {"model": "medical.hospital", "pk": 1, "fields": {"name": "City General Hospital", "address": "123 Main St, City, State 12345", "phone": "(555) 123-4567", "email": "info@citygeneral.com", "website": "https://citygeneral.com", "created_at": "2026-01-29T15:36:13.617Z", "updated_at": "2026-01-29T15:36:13.617Z"}}, {"model": "medical.hospital", "pk": 2, "fields": {"name": "St. Mary Medical Center", "address": "456 Oak Ave, Los Angeles, CA 90001", "phone": "(213) 555-0202", "email": "contact@stmary.com", "website": "https://www.stmary.com", "created_at": "2026-01-29T16:25:22.975Z", "updated_at": "2026-01-29T16:25:22.975Z"}}, {"model": "medical.hospital", "pk": 3, "fields": {"name": "PMC", "address": "Kahukhola", "phone": "9813100099", "email": "pmc@gmail.com", "website": "https://rajeshkatuwal.com.np/?i=1#hero", "created_at": "2026-01-30T12:18:45.036Z", "updated_at": "2026-01-30T12:18:45.036Z"}}, {"model": "medical.doctorprofile", "pk": 1, "fields": {"user": ["doctor1"], "hospital": 1, "license_number": "MD123456", "specialization": "Cardiology", "experience_years": 10, "consultation_fee": "150.00", "bio": "Experienced cardiologist with focus on preventive care.", "education": "MD from Harvard Medical School", "is_available": true, "created_at": "2026-01-29T15:36:13.625Z", "updated_at": "2026-01-29T15:36:13.625Z"}}, {"model": "medical.doctorprofile", "pk": 2, "fields": {"user": ["drjones"], "hospital": 2, "license_number": "MD789012", "specialization": "Pediatrics", "experience_years": 8, "consultation_fee": "200.00", "bio": "Dedicated pediatrician focused on child health and development.", "education": "Stanford Medical School, Residency at Children's Hospital", "is_available": true, "created_at": "2026-01-29T16:25:23.361Z", "updated_at": "2026-01-29T16:25:23.361Z"}}, {"model": "medical.doctorprofile", "pk": 3, "fields": {"user": ["Doctor"], "hospital": 3, "license_number": "2200", "specialization": "Cardio", "experience_years": 5, "consultation_fee": "10.00", "bio": null, "education": null, "is_available": true, "created_at": "2026-01-30T12:52:38.026Z", "updated_at": "2026-01-30T12:52:38.026Z"}}, {"model": "medical.doctorprofile", "pk": 4, "fields": {"user": ["testdoc"], "hospital": 1, "license_number": "TEST123", "specialization": "General", "experience_years": 5, "consultation_fee": "100.00", "bio": null, "education": null, "is_available": true, "created_at": "2026-01-30T15:23:27.574Z", "updated_at": "2026-01-30T15:23:27.574Z"}}, {"model": "medical.doctorprofile", "pk": 5, "fields": {"user": ["doctor"], "hospital": 3, "license_number": "123456", "specialization": "ENT", "experience_years": 5, "consultation_fee": "100.00", "bio": null, "education": null, "is_available": true, "created_at": "2026-02-18T14:41:19.738Z", "updated_at": "2026-02-18T14:41:19.738Z"}}, {"model": "medical.patientprofile", "pk": 1, "fields": {"user": ["patient1"], "hospital": 1, "medical_history": "Hypertension, Type 2 Diabetes", "allergies": "Penicillin", "emergency_contact_name": "John Doe", "emergency_contact_phone": "(555) 987-6543", "blood_type": "O+", "created_at": "2026-01-29T15:36:13.631Z", "updated_at": "2026-01-29T15:36:13.631Z"}}, {"model": "medical.patientprofile", "pk": 2, "fields": {"user": ["johndoe"], "hospital": 1, "medical_history": "Generally healthy, occasional hypertension.", "allergies": "Penicillin", "emergency_contact_name": "Jane Doe", "emergency_contact_phone": "(212) 555-0105", "blood_type": "O+", "created_at": "2026-01-29T16:25:23.553Z", "updated_at": "2026-01-29T16:25:23.553Z"}}, {"model": "medical.patientprofile", "pk": 3, "fields": {"user": ["janedoe"], "hospital": 2, "medical_history": "No major health issues.", "allergies": "None known", "emergency_contact_name": "John Doe", "emergency_contact_phone": "(213) 555-0205", "blood_type": "A+", "created_at": "2026-01-29T16:25:23.748Z", "updated_at": "2026-01-29T16:25:23.748Z"}}, {"model": "medical.patientprofile", "pk": 4, "fields": {"user": ["Birami"], "hospital": 3, "medical_history": null, "allergies": null, "emergency_contact_name": null, "emergency_contact_phone": null, "blood_type": "A+", "created_at": "2026-01-30T12:51:11.222Z", "updated_at": "2026-01-30T12:51:11.222Z"}}, {"model": "medical.appointment", "pk": 1, "fields": {"patient": ["Birami"], "doctor": ["Doctor"], "hospital": 3, "appointment_date": "2026-01-31T01:12:00Z", "status": "requested", "symptoms": "Constipation", "notes": "Nah", "consultation_fee": null, "payment_status": false, "requested_by_admin": ["Rajesh"], "rejection_reason": null, "created_at": "2026-01-30T13:47:05.316Z", "updated_at": "2026-01-30T13:47:05.316Z"}}, {"model": "medical.appointment", "pk": 2, "fields": {"patient": ["testdoc"], "doctor": ["testdoc"], "hospital": 1, "appointment_date": "2026-01-31T15:00:00Z", "status": "requested", "symptoms": null, "notes": null, "consultation_fee": null, "payment_status": false, "requested_by_admin": ["admin"], "rejection_reason": null, "created_at": "2026-01-30T15:21:50.753Z", "updated_at": "2026-01-30T15:21:50.758Z"}}, {"model": "medical.availability", "pk": 1, "fields": {"doctor": ["doctor1"], "day_of_week": 0, "start_time": "09:00:00", "end_time": "17:00:00", "is_available": true, "created_at": "2026-01-29T15:36:13.634Z", "updated_at": "2026-01-29T15:36:13.634Z"}}, {"model": "medical.availability", "pk": 2, "fields": {"doctor": ["doctor1"], "day_of_week": 1, "start_time": "09:00:00", "end_time": "17:00:00", "is_available": true, "created_at": "2026-01-29T15:36:13.639Z", "updated_at": "2026-01-29T15:36:13.639Z"}}, {"model": "medical.availability", "pk": 3, "fields": {"doctor": ["doctor1"], "day_of_week": 2, "start_time": "09:00:00", "end_time": "17:00:00", "is_available": true, "created_at": "2026-01-29T15:36:13.643Z", "updated_at": "2026-01-29T15:36:13.643Z"}}, {"model": "medical.availability", "pk": 4, "fields": {"doctor": ["doctor1"], "day_of_week": 3, "start_time": "09:00:00", "end_time": "17:00:00", "is_available": true, "created_at": "2026-01-29T15:36:13.649Z", "updated_at": "2026-01-29T15:36:13.649Z"}}, {"model": "medical.availability", "pk": 5, "fields": {"doctor": ["doctor1"], "day_of_week": 4, "start_time": "09:00:00", "end_time": "17:00:00", "is_available": true, "created_at": "2026-01-29T15:36:13.652Z", "updated_at": "2026-01-29T15:36:13.653Z"}}, {"model": "medical.availability", "pk": 6, "fields": {"doctor": ["drsmith"], "day_of_week": 0, "start_time": "09:00:00", "end_time": "17:00:00", "is_available": true, "created_at": "2026-01-29T16:25:23.761Z", "updated_at": "2026-01-29T16:25:23.761Z"}}, {"model": "medical.availability", "pk": 7, "fields": {"doctor": ["drsmith"], "day_of_week": 1, "start_time": "09:00:00", "end_time": "17:00:00", "is_available": true, "created_at": "2026-01-29T16:25:23.768Z", "updated_at": "2026-01-29T16:25:23.768Z"}}, {"model": "medical.availability", "pk": 8, "fields": {"doctor": ["drsmith"], "day_of_week": 2, "start_time": "09:00:00", "end_time": "17:00:00", "is_available": true, "created_at": "2026-01-29T16:25:23.773Z", "updated_at": "2026-01-29T16:25:23.773Z"}}, {"model": "medical.availability", "pk": 9, "fields": {"doctor": ["drsmith"], "day_of_week": 3, "start_time": "09:00:00", "end_time": "17:00:00", "is_available": true, "created_at": "2026-01-29T16:25:23.779Z", "updated_at": "2026-01-29T16:25:23.779Z"}}, {"model": "medical.availability", "pk": 10, "fields": {"doctor": ["drsmith"], "day_of_week": 4, "start_time": "09:00:00", "end_time": "17:00:00", "is_available": true, "created_at": "2026-01-29T16:25:23.785Z", "updated_at": "2026-01-29T16:25:23.785Z"}}, {"model": "medical.availability", "pk": 11, "fields": {"doctor": ["drjones"], "day_of_week": 0, "start_time": "09:00:00", "end_time": "17:00:00", "is_available": true, "created_at": "2026-01-29T16:25:23.791Z", "updated_at": "2026-01-29T16:25:23.791Z"}}, {"model": "medical.availability", "pk": 12, "fields": {"doctor": ["drjones"], "day_of_week": 1, "start_time": "09:00:00", "end_time": "17:00:00", "is_available": true, "created_at": "2026-01-29T16:25:23.796Z", "updated_at": "2026-01-29T16:25:23.796Z"}}, {"model": "medical.availability", "pk": 13, "fields": {"doctor": ["drjones"], "day_of_week": 2, "start_time": "09:00:00", "end_time": "17:00:00", "is_available": true, "created_at": "2026-01-29T16:25:23.801Z", "updated_at": "2026-01-29T16:25:23.801Z"}}, {"model": "medical.availability", "pk": 14, "fields": {"doctor": ["drjones"], "day_of_week": 3, "start_time": "09:00:00", "end_time": "17:00:00", "is_available": true, "created_at": "2026-01-29T16:25:23.805Z", "updated_at": "2026-01-29T16:25:23.805Z"}}, {"model": "medical.availability", "pk": 15, "fields": {"doctor": ["drjones"], "day_of_week": 4, "start_time": "09:00:00", "end_time": "17:00:00", "is_available": true, "created_at": "2026-01-29T16:25:23.810Z", "updated_at": "2026-01-29T16:25:23.810Z"}}, {"model": "medical.availability", "pk": 16, "fields": {"doctor": ["Doctor"], "day_of_week": 0, "start_time": "09:00:00", "end_time": "17:00:00", "is_available": true, "created_at": "2026-02-18T08:32:11.709Z", "updated_at": "2026-02-18T08:32:11.709Z"}}, {"model": "medical.availability", "pk": 17, "fields": {"doctor": ["Doctor"], "day_of_week": 1, "start_time": "09:00:00", "end_time": "17:00:00", "is_available": true, "created_at": "2026-02-18T08:32:11.716Z", "updated_at": "2026-02-18T08:32:11.716Z"}}, {"model": "medical.availability", "pk": 18, "fields": {"doctor": ["Doctor"], "day_of_week": 2, "start_time": "09:00:00", "end_time": "17:00:00", "is_available": true, "created_at": "2026-02-18T08:32:11.721Z", "updated_at": "2026-02-18T08:32:11.721Z"}}, {"model": "medical.availability", "pk": 19, "fields": {"doctor": ["Doctor"], "day_of_week": 3, "start_time": "09:00:00", "end_time": "17:00:00", "is_available": true, "created_at": "2026-02-18T08:32:11.726Z", "updated_at": "2026-02-18T08:32:11.726Z"}}, {"model": "medical.availability", "pk": 20, "fields": {"doctor": ["Doctor"], "day_of_week": 4, "start_time": "09:00:00", "end_time": "17:00:00", "is_available": true, "created_at": "2026-02-18T08:32:11.731Z", "updated_at": "2026-02-18T08:32:11.731Z"}}, {"model": "medical.availability", "pk": 21, "fields": {"doctor": ["testdoc"], "day_of_week": 0, "start_time": "09:00:00", "end_time": "17:00:00", "is_available": true, "created_at": "2026-02-18T08:32:11.735Z", "updated_at": "2026-02-18T08:32:11.735Z"}}, {"model": "medical.availability", "pk": 22, "fields": {"doctor": ["testdoc"], "day_of_week": 1, "start_time": "09:00:00", "end_time": "17:00:00", "is_available": true, "created_at": "2026-02-18T08:32:11.739Z", "updated_at": "2026-02-18T08:32:11.739Z"}}, {"model": "medical.availability", "pk": 23, "fields": {"doctor": ["testdoc"], "day_of_week": 2, "start_time": "09:00:00", "end_time": "17:00:00", "is_available": true, "created_at": "2026-02-18T08:32:11.745Z", "updated_at": "2026-02-18T08:32:11.745Z"}}, {"model": "medical.availability", "pk": 24, "fields": {"doctor": ["testdoc"], "day_of_week": 3, "start_time": "09:00:00", "end_time": "17:00:00", "is_available": true, "created_at": "2026-02-18T08:32:11.745Z", "updated_at": "2026-02-18T08:32:11.745Z"}}, {"model": "medical.availability", "pk": 25, "fields": {"doctor": ["testdoc"], "day_of_week": 4, "start_time": "09:00:00", "end_time": "17:00:00", "is_available": true, "created_at": "2026-02-18T08:32:11.754Z", "updated_at": "2026-02-18T08:32:11.754Z"}}]